,Close,Open,High,Low,Volume,tweet
2021-01-01,2542.699951171875,2531.0,2555.0,2515.800048828125,914818.0,"@caitlin_eicher @caitlin_eicher Looking to get your hands on your own #TheOffice binge kit? Click here üëâ  https://t.co/mGOIB66SJF,December #AutoSales | Eicher Motors: Total sales up 37% at 68,995 units vs 50,416 units (YoY)  https://t.co/H1ypfRn379,Eicher Motors total Royal Enfield sales up 37% year-on-year.  Read other auto sales updates:  https://t.co/A7lip0V6dY  https://t.co/o1NuUDRuXy,Eicher Motors VECV's sales dip 3% yoy to 4,892 units in Dec 2020; Volvo Trucks &amp; Buses sales skyrockets 55% yoy  https://t.co/anSPOtImpp #eichemotor,Volvo Eicher Commercial Vehicles reports a 3% drop in overall sales for December.  Read other auto sales updates:  https://t.co/02DV8J17wW  https://t.co/EYC7HR07bC,December #AutoSales | Eicher Motors reports total sales of 4,892 units Vs CNBC-TV18 poll of 4,500 units  https://t.co/pLul9YivC0"
2021-01-02,,,,,,"#NOPLP Val√©rie ""D√©jeuner En Paix"" (Stephan Eicher) (ao√ªt 2020) #Rediff #BestOf  https://t.co/BVVuFPTEs7,Presenting Eicher Protalks - a unique initiative by Eicher to empower students, the leaders of tomorrow. Reached 50+ schools so far with more to come.  #EicherProTalks #ProTalks #EicherBuses #EicherTrucksAndBuses  https://t.co/Rv9rZ6axxo,Here's a look at stocks to watch in trade on Monday @BSEIndia #Sensex @TataChemicals @nmdclimited @TataMotors @royalenfield @HeroMotoCorp #Eicher  https://t.co/ROEt9XFo02,December #Eicher Motors Motorcycle sales at 68,995 units, up 37% YoY; exports at 3,503 units: Agencies @royalenfield  https://t.co/A2KUVxBwwm"
2021-01-03,,,,,,"We are proud to have recently delivered 7 Eicher BSVI LMD vehicles to TOMS Pipes for their operations in Kottayam, Kerala.   Visit:  https://t.co/1WYSkiHliL   #BusinessKaBadshah #EUTECH6 #EicherTrucksAndBuses  https://t.co/xObojwH8L2"
2021-01-04,2655.699951171875,2591.0,2670.0,2580.0,3287511.0,"#MarketAtClose Eicher Motors surges over 4% on better-than-expected Royal Enfield Sales In December  ONGC &amp; Oil India move higher on surge in crude; brent above $52 &amp; nymex at $49/bbl,Closing Bell: Market ends higher; Sensex rises over 300 pts; Nifty closes above 14,130 levels. Gainers: Tata Steel (+8%), Hindalco (+6%), Eicher Motor, ONGC (+4%). Losers: Heromoto Corp, Kotak Bank, Bajaj Finance, Adani Ports (-1%).  https://t.co/JUt4XUMUoY #StockMarket #Nifty,Eicher Motors records 37% yoy rise in Royal Enfield sales to 68,995 units in Dec 2020; Stock zooms 4%  https://t.co/N3vLn1BNTU,#CNBCTV18Market | Eicher Motors trading with gains after reporting better-than-expected monthly numbers for Royal Enfield  https://t.co/KymAxODY9k,Opening Bell: Market opens higher; Sensex rallies over 250 pts; Nifty above 14,100 levels. Gainers: Tata Motors, Eicher Motor (+2%), GAIL, BPCL (+1%). Losers: Heromoto Corp, Reliance stocks down marginally.   https://t.co/JUt4XV4vgw #StockMarket #Nifty,Eicher Motors big beat in auto sales,Top stocks in focus: Eicher Motors, Tata Motors, Tata Steel, Adani Green, RIL, Dilip Buildcon  https://t.co/DIGrWQfmot #StockMarket #StocksToWatch #StockMarketNews #stocksinnews,#SharekhanFNA # Eicher Motors reported strong 36.9% yoy in motorcycle sales. Positive. #Sharekhankar #StocksToWatch,#AwaazMarkets‡•§ ‡§Ö‡§ö‡•ç‡§õ‡•á ‡§¨‡§ø‡§ï‡•ç‡§∞‡•Ä ‡§Ü‡§Ç‡§ï‡§°‡§º‡•ã‡§Ç ‡§∏‡•á 2-wheeler ‡§∂‡•á‡§Ø‡§∞‡•ã‡§Ç ‡§Æ‡•á‡§Ç ‡§Ü‡§ú ‡§¶‡§ø‡§ñ ‡§∏‡§ï‡§§‡§æ ‡§π‡•à ‡§è‡§ï‡•ç‡§∂‡§® ‡•§TVS Motor ‡§ï‡•Ä ‡§¨‡§ø‡§ï‡•ç‡§∞‡•Ä 17.5% ‡§¨‡§¢‡§º‡•Ä ‡§µ‡§π‡•Ä Eicher Motor ‡§ï‡•Ä ‡§¨‡§ø‡§ï‡•ç‡§∞‡•Ä ‡§Æ‡•á‡§Ç 37% ‡§ï‡§æ ‡§â‡§õ‡§æ‡§≤‡•§ ‡§¨‡§ø‡§ï‡•ç‡§∞‡•Ä ‡§™‡§∞ ‡§°‡§ø‡§ü‡•á‡§≤‡•ç‡§∏ ‡§¶‡•á ‡§∞‡§π‡•á‡§Ç ‡§π‡•à‡§Ç @AshVerma111  https://t.co/nqtKfHVtWA,#StocksToWatch 1. Mphasis: race for $3 bln buyout hots up  2. Eicher: motorcycle sales surge by 37% in Dec  3. BEML: govt to divest 26% strategic stake  4. Alkem gets nod for gGilenya drug  5. Research update: BUY on Persistent System, BEL, IGL #Nifty #StockMarket #MondayMorning"
2021-01-05,2674.89990234375,2630.0,2685.0,2616.0,1494362.0,"David Eicher, Chef der Businessberatung #M√ºllersGarage, gibt eine Entscheidungshilfe f√ºr gestresste und zweifelnde #Agenturinhaber.  https://t.co/fSmTFbdCEB,Buy Eicher Motors, target price Rs 2818:  ICICI Securities  #ETMarkets #DailyRecos #StockPicks #DailyPicks  https://t.co/ddnwg8eH69,Bulls enjoying their ride on Eicher Motors üèç   Find out why I feel the stocks has got üî•   #Momentumisers #StockMarket #Nifty     https://t.co/WkrMhbWItJ,Momentumisers | A fresh 52-week high is on the cards for Eicher Motors. @Nigel__Dsouza tells us why the stock is seeing strong momentum in trade.  https://t.co/uLOCeG9ABW"
2021-01-06,2645.35009765625,2668.0,2672.0,2610.0,949386.0,"Powerful. Robust. Efficient. The new range of Eicher BSVI Heavy Duty Tippers along with customized site services is your perfect partner when it comes to high demanding applications like Iron Ore Mining.  Visit:  https://t.co/OD1UmSHZKZ  #EicherTrucksAndBuses #TrustTheExperts  https://t.co/Q16j278R6X,Opening Bell: Market opens on a positive note; Nifty stands above 14,220 levels. Gainers: ONGC (+3%), Titan, GAIL (+2%), IOC (+1%). Losers: Eicher Motor, ITC, HDFC Life stocks down marginally.   https://t.co/fw4Af6nbfc #Nifty #stockmarketnews #StocksToWatch #stocksinnews"
2021-01-07,2649.800048828125,2660.0,2715.64990234375,2640.75,1250528.0,#BuyNowSellNow | @kbbothra suggests a buy on Agro Tech Foods with high risk &amp; Eicher Motors with low risk. Here's the Target &amp; Stop Loss to keep in mind  https://t.co/R6EZjZbBy2
2021-01-08,2760.85009765625,2661.0,2771.300048828125,2661.0,2585123.0,"A medical emergency for the Eicher family and a recipe for shoestring potato pie.  https://t.co/uAR2jbtINY,#MarketThisWeek All Indices Give +ve Returns This Wk; IT &amp; Metal Top The List With 7% &amp; 8% Respectively  44 Of 50 Nifty Stocks Gain This Week; Hindalco, Tata Steel, Wipro, Eicher Top Gainers  Filatex, RVNL, FACT, Alkyl Amines, Shriram Trans, Inox Leisure Top Midcap Gainers  https://t.co/urduX5wOy7,#MarketAtClose 16 Nifty Stocks Including Maruti, Infosys, Eicher &amp; HCL Tech Hit 52-week Highs  CLSA Has Sun Pharma As Top pick In Pharma Space, Stock Up Over 3%,#MarketsWithETNOW | Auto pack too is in focus with #Maruti and #Eicher in top gear!  https://t.co/qkJM6iXDTs,Loading more power into the road construction projects of ABCI Infrastructures Pvt. Ltd. with the delivery of 10 Eicher Pro 6028T that have reached Paonta Sahib, Himachal Pradesh.  Visit:  https://t.co/6dGkaaHWiM  #ExperienceTheExtreme #TrustTheExperts #EicherTrucksAndBuses  https://t.co/Iid1LUvlsK"
2021-01-09,,,,,,"Vijayawada City ‚Äì On orders of Sri B.Sreenivasulu IPS, CP, Vijayawada Commissioner‚Äôs Task force apprehended 2 persons &amp; seized 1000 kgs of ganja  worth 70 Lakhs concealed under 500 bags&amp;also seized Eicher vehicle transporting from Visakhapatnam Dist to Zaheerabad.@APPOLICE100  https://t.co/2Y7FtWF54y,Modernize your payments with Eicher's digital payment solution. Avail any service, pay online with just a click.   To know more WhatsApp us at 8527653531  #EicherTrucksAndBuses #LifetimeSupportSolutions #BSVI #EUTECH6  https://t.co/NYN5epH9ym,#Interstate Ganja #Smuggling racket #Busted  ‚Äì eight non-local #DrugPeddlers held ‚Äì #Seized (650)-kgs of ganja, one eicher van, one #Maruthi ertiga, net cash Rs.60,000/- &amp; (10) mobile phones total worth Rs.83,60,000.  @TelanganaDGP @TelanganaCOPs @cyberabadpolice @hydcitypolice  https://t.co/kmep6AoMNo"
2021-01-10,,,,,,"Here‚Äôs a look at how the project got started, what Eicher and Rogers‚Äô plans are for the Detroit Community Fridge moving forward, and how you can get involved.  https://t.co/qVPCpsP1xq,Choose Eicher Pro 2049 - the last mile delivery ka Badshah and get more profits. Truck aisa jo Life Badal De!  Know more at:  https://t.co/5olssPKPuD  #EicherTrucksAndBuses #LMDTrucks #Pro2049 #LifeBadalDe #EUTECH6  https://t.co/4ZIwOTEUJn"
2021-01-11,2777.14990234375,2767.0,2808.64990234375,2726.699951171875,1616318.0,
2021-01-12,2881.64990234375,2777.199951171875,2949.0,2777.199951171875,4829997.0,"#CNBCTV18Market | CS maintains Outperform on Eicher Motors with target being raised to Rs 3,230/Sh  https://t.co/H2I2U7eWAW"
2021-01-13,2868.64990234375,2869.5,2910.39990234375,2836.64990234375,1878124.0,It's time to accelerate towards progress! DO MORE with the latest offering in our wide range of construction trucks - the all-new Eicher Pro 6035TM.  Know more about our HD range at:  https://t.co/OEHmv2vPyN   #EicherBSVI #EUTECH6 #HCVTrucks #EicherTrucksAndBuses #TrustTheExperts  https://t.co/fGOh9YvNif
2021-01-14,2886.60009765625,2880.0,2906.949951171875,2841.0,1159961.0,"Pascal Obispo / Claudio Cap√©o ""D√©jeuner En Paix"" (Stephan Eicher) (Extrait) (2018) #Rediff #Taratata  https://t.co/Racjhx0166,Eicher delivered 50 buses to the Vasai-Virar Municipal Corporation!  Chief Guest, Shri. Eknath Shinde, Maharashtra Urban Development Minister inaugurated the event to bring ease in the life of the corporation.   Visit:  https://t.co/1UvrgclOJO   #EicherBuses #EicherTrucksAndBuses  https://t.co/ZCe6IUafiF"
2021-01-15,2857.300048828125,2880.0,2902.0,2840.0,882692.0,"Been driving on Chandigarh-Delhi hwy since 1966. On joining  IFS I had a Willys jeep with air cooled Eicher tractor engine. Noisy like hell, top speed 80 kmh, cruising speed 70. Time to Delhi 4 hrs. In 1983 had Volkswagen Rabbit, cruising at 100+. Time 3&amp;1/2 hrs. Since 2005"
2021-01-18,2873.0,2853.14990234375,2912.699951171875,2815.0,2069601.0,"Drive miles ahead, non-stop with Eicher Pro 2080XP - a reliable partner for pure performance and supreme mileage on the road. #VoiceOfBadshah  Know more at:  https://t.co/b7at6I0oFa  #EicherTrucksAndBuses #LMDTrucks #EUTECH6  https://t.co/iCE0yK19Bw"
2021-01-19,2883.5,2888.0,2929.0,2852.14990234375,1447495.0,
2021-01-20,2881.550048828125,2887.199951171875,2964.0,2865.64990234375,1760329.0,The winner for Best Digital Content Awards under Most Consistent Excellence in Digital Publishing is Gold- New Emerging World of Journalism Pvt Ltd (NEWJ) Silver- Angel Broking by Qrius Bronze- Royal Enfield (A unit of EICHER MOTORS LIMITED)  https://t.co/gAVWlvWiU3
2021-01-21,2926.60009765625,2896.0,2955.0,2895.050048828125,1451173.0,"Fixing breakdowns of your Eicher vehicles is now easier than ever.   Just pick up your phone and connect with our 24x7 Uptime services by dropping us a text on our WhatsApp number 8527653531 or connect on:  https://t.co/Ithh3QWefs   #EicherTrucksAndBuses #LifetimeSupportSolutions  https://t.co/eZG3vn3Jlz,Opening Bell: Market opens higher with Sensex above 50,000 levels; Nifty above 14,700-mark. Gainers: Tata Motors (+3%), Bajaj Finance, Eicher Motor, Bajaj Auto (+1%). Losers: TCS, Adani Port stocks down marginally.  https://t.co/DJdMcYUI2Z #StockMarket #Nifty  #StocksInFocus,@ashleyeicher @hunterkelly Love you, Eicher and Susie!! This hits home. We might be related! üòÇüòç"
2021-01-22,2972.60009765625,2900.0,3037.0,2900.0,3091826.0,"When you are building a nation, you need a partner that will go beyond the norms. We, at Eicher, are constantly striving to improve your Uptime, so that you are #Unstoppable.  Know more about our range of products at:  https://t.co/AatTBp4R7g  #EicherTrucksAndBuses #BeUnstoppable  https://t.co/vQhhHfsj2F,Presenting Eicher LMD Reefer range of trucks. Ready for safe delivery of COVID-19 vaccinations.  Visit:  https://t.co/kJfLm10HYB  #EicherTrucksAndBuses #LMDTrucks  https://t.co/o40hMTdLS7"
2021-01-23,,,,,,"Watch how with the help of Eicher Live, Hemant Singh, owner of I-Trans, New Delhi and 100 Eicher Pro 2059XP vehicles has been able to increase his profits &amp; efficiency by multi-folds!  Know more:  https://t.co/uDJBiVJ1BD  #EicherTrucksAndBuses #EicherLive #BSVI #EUTECH6  https://t.co/4QCEXuDP6o"
2021-01-24,,,,,,"Vitus Eicher: Beim Merkur CUP von den L√∂wen entdeckt  https://t.co/x6gIKR0vuQ,Vitus Eicher: Beim Merkur CUP von den L√∂wen entdeckt  https://t.co/X4H4XQxzQF,Ex-L√∂we Vitus Eicher: ‚ÄûMein Herz schl√§gt immer noch f√ºr die Blauen‚Äú  https://t.co/nu0TswbR3J"
2021-01-25,2869.550048828125,3029.949951171875,3029.949951171875,2851.25,2024082.0,"Eicher Pro 2080XPT - India's most rugged and reliable tipper with best-in-class mileage and unmatched performance.  Know more at:  https://t.co/3Cwud5gZVG  #EicherTrucksAndBuses #LMDTrucks #EUTECH6 #VoiceOfBadshah  https://t.co/bXVYbL7PMO,Closing Bell: Indices end lower; Sensex slips 530 pts; Nifty below 14,250-mark. Gainers: Grasim (+5%), UPL (+4%), Cipla (+3). Losers: RIL, IndusInd Bank (-5%), HCL Tech, Tata Motors, Eicher Motor (-3%).   https://t.co/zXtbfJGvJ7 #StockMarket #Nifty #Sensex #StocksToWatch #Stocks,Auto stocks in a volatile session; Nifty Auto dips marginally; Eicher, Ashok Leyland, Tata Motors weighs  https://t.co/rnjla32Vsf #NIFTYAUTO #nifty #StockMarket #StocksToWatch #stock #TataMotors #eichermotors #AshokLeyland,Buy Eicher Motors, target price Rs 3120:  Motilal Oswal #ETMarkets #DailyRecos #StockPicks #DailyPicks  https://t.co/IqTNgRZIY2,Technical Update &amp; TOP Pick! Technical Pick: Eicher Motors (Buy) - TP: 3115, Previous Close: 2972, SL: 2900 (Duration: 2-3 days) #TechnicalUpdate #MarketSuprabhat #MOMarketUpdates  https://t.co/qEkBeX22rn,See #TOPCALLS on  @CNBC_Awaaz @CNBCBajar   BUY #eicher #HLL #MINDTREE #TVSMotors #HEROMOTOR  With us are  @P_diwan @PrakashGaba @kavitadeepeshj1 @rahul2506 @themanasjaiswal  @AshVerma111 @virendraonNifty @BhumeetGupta"
2021-01-27,2789.89990234375,2899.949951171875,2932.39990234375,2769.5,2574644.0,"Nach Yello, Polo Hofer, Andreas Vollenweider, Z√ºri West, Krokus, Peter Reber, @djbobo, Sina und Stephan Eicher zeichnen die ¬´Swiss Music Awards¬ª @patent_ochsner mit dem ¬´Outstanding Achievement Award¬ª aus.   https://t.co/iXwopuZKPF,Opening Bell: Markets open lower; Sensex down over 150 pts; Nifty below 14,200 levels. Gainers: L&amp;T (+2%), Adani Ports, Eicher Motor, HCL Tech (+1%). Losers: Tata Motors, Heromoto Corp (-2%).   https://t.co/fdkEgcTZ4q #StockMarket #StocksToWatch #stocks #Nifty #Sensex #NSE #BSE,#MarketOpening | Market opens flat; GAIL &amp; Tata Motors top index losers &amp; Eicher Motors &amp; HUL top index gainers  https://t.co/6BZ6ivmmAu"
2021-01-28,2798.449951171875,2780.0,2830.0,2738.35009765625,1430646.0,
2021-01-29,2744.300048828125,2812.39990234375,2870.449951171875,2726.949951171875,2067268.0,"Wrapping up the week with a heartfelt congratulations and farewell to Captain Craig Eicher as he retires from the #Pleasanton Police Department. üëÆ‚Äç‚ôÇÔ∏è Thank you for your 32 years of dedication, generosity, and leadership. We are #BetterTogether because of you. üëè #FridayFeeling  https://t.co/PJ2en9JJxA,üé• Wacker: ""Wer ist in der Lautst√§rketabelle ganz oben, Jer√¥me?"" | Der digitale KSC-Businessabend mit Eicher &amp; Gondorf bei Wildpark TV üëâ  https://t.co/MF7hUPE50S  https://t.co/YuNH7KugpG"
2021-01-30,,,,,,"Hybrid gear shift and heavy duty steering for more trips with Eicher Pro 2114XP - Hai dumdaar, hai raftaar!  Visit:  https://t.co/KeBTRy4GA7  #EicherTrucksandBuses #LMDTrucks #EUTECH6 #PowerKaBadshah  https://t.co/cgpEcPokmS"
2021-01-31,,,,,,"Watch how Mr. Devinder Singh, owner of more than 20 Eicher Pro 2059XP Trucks maximized his business profit potential with Eicher Live.  Know more:  https://t.co/uDJBiVJ1BD   #EicherTrucksAndBuses #EicherLive #BSVI #EUTECH6  https://t.co/52557Y316u"
2021-02-01,2842.85009765625,2777.0,2868.050048828125,2698.550048828125,1847361.0,"Presenting the Eicher BSVI LMD Reefer Trucks, ready to deliver COVID-19 vaccines across the nation.  Visit:  https://t.co/kJfLm10HYB  #EicherTrucksAndBuses #LMDTrucks  https://t.co/hk6dw7lET8,@sachin_rana_ji Hi, thanks for showing interest in Eicher Trucks &amp; Buses. Kindly share your contact number so our representative can reach out to you with all the necessary details.,January #AutoSales | Eicher Motors VECV (YoY) * Total sales up 2.3% at 5,673 units vs 5,544 units   * Total exports up 7.4% At 555 Units Vs 517 Units   * Total domestic sales up 1.9% at 4,964 units vs 4,871 units  https://t.co/NIT6wCu1JK,January #AutoSales | Eicher Motors VECV  Total sales up 2.3% at 5,673 units vs 5,544 units (YoY)  Total exports up 7.4% at 555 units vs 517 units (YoY)  Total domestic sales up 1.9% at 4,964 units vs 4,871 units (YoY)  https://t.co/20DIQugVeP,#MarketsWithETNOW | #Motown leaps with joy - M&amp;M, Tata Motors, Eicher all zoom with strong gains  #BudgetWithETNOW #VaccineForGrowth #UnionBudget2021  https://t.co/GLRorB2UwH"
2021-02-02,2904.85009765625,2920.0,2920.0,2825.949951171875,2125895.0,"Ready to roll on the mission towards a greener India? Choose Eicher BSVI CNG Range, powered by advanced safety features, Eicher Live telematics and environment-friendly technology.   Know more:  https://t.co/W3YaExDmQu  #EicherBuses #EUTECH6 #EicherBSVI #EicherTrucksAndBuses #CNG  https://t.co/lyleCugxXP,Eicher Motors sold 68,887 units of Royal Enfield in Jan 2021; VECV sales stood 5,673 units; Stock spurts 2%  https://t.co/XMY8GZjSzi #eichermotors,Top stocks in focus: Hero MotoCorp, Coal India, Eicher Motors, NMDC, PVR, HDFC  https://t.co/7UMsf28DN8 #StockMarket #StocksToWatch #StocksToBuy #stock"
2021-02-03,2916.89990234375,2904.85009765625,2948.0,2871.5,1349528.0,"Now connect to your nearest Eicher Authorised Workshop via WhatsApp at just a click.   Drop a message on WhatsApp No. 8527653531 or click üëâüèª:   https://t.co/Ithh3QWefs  #EicherTrucksAndBuses #LifetimeSupportSolutions #BSVI #EUTECH6  https://t.co/geZqexfNv3,@RitulRana Hi, thanks for showing interest in Eicher Trucks &amp; Buses. Kindly share your contact number so our representative can reach out to you with all the necessary details."
2021-02-04,2963.449951171875,2900.89990234375,2978.0,2881.0,1259327.0,
2021-02-05,2932.14990234375,2973.199951171875,2990.0,2905.199951171875,915838.0,"Continuing our drive against Ganja trafficking, #Sunabeda_Police seized 162 kgs of Ganja, one Bolero vehicle and one Eicher vehicle while transportation and arrested five accused persons and apprehended one CCL vide PS case no. 20 dtd.04.02.2021 U/S 20(b)(ii)(C) NDPS Act.  https://t.co/d7CCdedLdI"
2021-02-06,,,,,,"location Eicher says.  3:53a: Kelsie's  phone gets two calls from Lucas's phone. This is a new tower near HWY 78 from both phones. It excludes both phones from being at Wal Mart, an intersection where the two often meet, Lucas's Grandmother's home AND Lucas's  Mothers home.,In the second part of the morning, we heard testimony from Scott Eicher who was an FBI cell phone expert in 2013. He was called to the case days after Kelsie went missing to track her movements that day. Here's what he said: 3:10p-Start tracking Kelsie's phone based on phone"
2021-02-07,,,,,,"""(W)e see the dropout rate as being related to a host of underlying issues. And not having enough to eat is one of them."" -- Matthew J. Landry (@Stanford) and Heather Eicher-Miller (@PurdueNutrition)    https://t.co/IwzdWDdeAa,HISTORY: A year before COVID-19 began, Penn State Altoona history professor John Eicher embarked on a one-of-a-kind study delving into the 1918 ‚ÄúSpanish‚Äù flu.  https://t.co/5WmurSkAWR"
2021-02-08,2970.39990234375,2934.0,2986.0,2930.10009765625,654484.0,"AATS staff of SED arrested two drug suppliers Ashwani Yadav &amp; Mehtab Tyagi and recovered total 525 Kgs. cannabis hidden under animal's skin in a Eicher truck, they transporting the same from Andhra pradesh to supply in Delhi &amp; NCR. @DelhiPolice @CPDelhi @LtGovDelhi  https://t.co/SI88Wigyna,Emile Eicher, pr√©sident du Syndicat des villes et communes luxembourgeoises (#Syvicol) revient sur le #COVID19 et les le√ßons qu'il tire de la #crise #communes #luxembourg @TainaBofferding @gouv_lu  https://t.co/mCeUdHdHfV  https://t.co/p7I1ltAQfO,Keep driving ahead to achieve our mission of sustainable India with Eicher BSVI CNG Buses, backed by prompt After Sales Services and advanced Eicher Live Telematics.  Know more at:  https://t.co/W3YaExDmQu  #EicherBuses #EUTECH6 #EicherBSVI #EicherTrucksAndBuses #CNG  https://t.co/sd4AGeZ7dY"
2021-02-09,2947.64990234375,2993.300048828125,3018.0,2936.050048828125,1127584.0,#EarningsWithETNOW: #Eicher Motors Q3 preview: Revenues are likely to improve ~20% YoY @RaoKarunya   https://t.co/SKzHEaduN8
2021-02-10,2901.300048828125,2968.0,2998.89990234375,2876.75,2160932.0,"Net profit for Eicher Motors rose 7% year-on-year to Rs 533 crore in the quarter ended December. #Q3WithBQ  https://t.co/M54PRIdpBH,Der Berliner #Kunstverein ""Haus am #L√ºtzowplatz"" veranstaltet w√§hrend des Lockdowns spezielle Online-F√ºhrungen. Bei der neuen #Ausstellung ""Lob der Malkunst"" von Margret Eicher entsteht dadurch auf unterhaltsame Weise eine neue Welt.  #Berlin #Kultur   https://t.co/c5PLqKayCP,Eicher Motors posts 7% rise in profit  https://t.co/kIBulHgOl2,Eicher Motors‚Äô quarterly profit rose for the first time in the ongoing fiscal as sales picked up on a festive push after the nation lifted the lockdown curbs. #Q3WithBQ  https://t.co/M54PRHVOd7,Eicher Motors Q3 PAT up 6.8% at Rs533cr on inventory boost  https://t.co/WTTgaS6E06 #eichermotors,There is work going on at all fronts with respect to Electric Vehicles, says Eicher Motors MD &amp; CEO Siddhartha Lal. #Q3WithBQ  Read more:  https://t.co/oHYplWiwTv  https://t.co/oC5lhkd4Ky,Eicher Motors Q3 results: Profit rises 7% to Rs 532.5 crore, revenue up 19%  https://t.co/hEl4wMsa6t,#MarketAtClose | Eicher Motors top Nifty loser after reporting operational performance below estimates  https://t.co/Ld3QCO15bb,Watch #Eicher Q3FY21 earnings report #LIVE  #EarningsWithETNOW @ETBIndia  https://t.co/8v3mpf6WXD,Consumer sentiment and demand have improved, says Eicher Motors MD &amp; CEO Siddhartha Lal. #Q3WithBQ  Read more:  https://t.co/oHYplWiwTv  https://t.co/eE6gYqFrln,Eicher Motors‚Äô quarterly profit rose as sales picked up on a festive push after the nation lifted the lockdown curbs. #Q3WithBQ   https://t.co/M54PRHVOd7,Lovina Eicher mourns the death of her sister and pays tribute with some of Susan's favorite recipes.  https://t.co/5Efp9DLCY6,Eicher Motors says Siddhartha Lal reappointed Managing Director for 5 years  https://t.co/5ou06ybToj,Special Staff/SWD has arrested 03 robbers in FIR No. 10/21 PS South Campus in which accused persons have robbed a vehicle. They have been nabbed while they were coming to Delhi to commit another robbery. They have robbed 04 Eicher Canters and  https://t.co/53vggTj6vq,Eicher Motors' profit rises 7%, year-on-year. #Q3WithBQ  Read other market updates:  https://t.co/XbKh58VhHN  https://t.co/oCPkpv8gr3,#EarningsWithETNOW | Eicher Motors reports Q3 numbers. Here's a quick snapshot  @EicherMotorsLtd  https://t.co/lG89UnvUyK,#3QWithCNBCTV18 | Eicher Motors' Q3 widens nearly 7% on a yearly basis while margin slips more than 100 basis points  https://t.co/IlgZhcSykj,#3QWithCNBCTV18 | Eicher Motors' Q3 numbers miss estimates, revenue comes in at Rs 2,828.3 cr &amp; margin at 23.7%  https://t.co/uOQktTjlp5,Watch #Eicher Q3FY21 earnings report #LIVE  #EarningsWithETNOW @ETBIndia  https://t.co/h2WxJxkEzb,#JustIn | Eicher Motors reports Q3 numbers. PAT at Rs 533 cr; ET NOW Poll saw PAT at Rs 540 cr  https://t.co/VFPBhVR9Ra,#3QWithCNBCTV18 | Eicher Motors Q3 consolidated net profit at Rs 532.6 cr Vs CNBC-TV18 poll of Rs 550 cr  https://t.co/78ERs625sB,SGXNifty Indicates +ve Opening; Aurobindo Pharma, Eicher Motors to Announce Results Today.Distribution day count remains elevated at 6; #Nifty is more than 5.1% above its 21-DMA. If the 21-DMA is breached,market status may downgrade to Uptrend Under Pressure #MarketSmithIndia,#MarketswithMC | Opening Bell üîî Indices open higher amid mixed global cues; Tata Steel, Eicher Motors in focus.  LIVE:  https://t.co/NQX1VlbxUY | #stockmarket #stockstowatch  https://t.co/KWhekFgCp9,#3QWithCNBCTV18 | Street expecting a good quarter for Eicher as Royal Enfield saw a 11% rise in average selling price of per unit in Q3 along with strong sequential improvement in VECV‚Äôs performance. Here‚Äôs what the numbers may look like in today‚Äôs results review #CNBCTV18Market  https://t.co/eoEU22Av2b,SGX nifty up 42 points  strong earnings from tata steel  very strong numbers from berger paints  Bharti Airtel- MSCI increase weight in MSCI Standard index Brokerages estimate buy flows of $500-625M in Bharti Airtel earnings today - eicher motors, titan, aurobindo pharma, bata,#stocks in focus: #bhartiairtel, Vodafone Idea, Titan, Eicher Motors, Tata Steel, Future Retail  https://t.co/hwfLfcYRT3,Top stocks in focus: Tata Steel, Raymond, Phoenix Mills, Eicher Motors, Hindalco  https://t.co/JfQmH1caJi #StockMarket #StocksToWatch #stock #tatasteel #RAYMOND #eichermotor #hindalco"
2021-02-11,2818.14990234375,2750.0,2840.800048828125,2701.300048828125,4481414.0,"TSR drivers and 05 officers participated. An Eye &amp; Ear check up was also conducted by Eicher group foundation, Charity Eye hospital.  https://t.co/Yf6Rw3Qiad,BQuick | Top 10 stories  - Flight tickets to get costlier - Eicher stock's premium ""unjustified"" - BharatPe nears Unicorn status - Ambani dominates 2020 deal activity  Read more:  https://t.co/qZdcR2HWE7  https://t.co/G4HlVXPMIC,Here's how Eicher builds a path for young and talented individuals to reach towards prosperity! Take a sneak peek into one of our trainees' journey at Eicher.  Visit:  https://t.co/eUF3yi9gIS  #EicherTrucksAndBuses #LifeAtEicher    https://t.co/VD0LxK8l8S,#MarketAtClose | Reliance contributes 61 points to Nifty‚Äôs gain of 67 points  Eicher motors extends losses as brokerages find valuations rich.  Titan falls over 2% after an in-line q3 earnings  https://t.co/wHCVIFuotr,Eicher Motors stock dips 3% despite healthy Q3 earnings as sales volume improves  https://t.co/ZAeG36Q5gy #EICHERMOT,Buy Eicher Motors, target price Rs 3275:  Motilal Oswal #ETMarkets #DailyRecos #StockPicks #DailyPicks  https://t.co/6Hq50X67K1,Shares of Eicher Motors declined after at least three research firms downgraded the stock citing expensive valuations. #BQStocks   https://t.co/P5tOEnFmLA,#MCPro | A sales jump in Royal Enfield gave spark to Eicher Motors‚Äô December quarter results. This is also a pointer that premium consumption is making a comeback.  #EicherMotors #Earnings #Economy   https://t.co/S3fs6BRtb0,#MarketsWithETNOW | Autos in the slow lane; Eicher, M&amp;M, Hero Moto top Nifty drags  https://t.co/AtBFpdJPND,#CNBCTV18Market | Eicher Motors continues to move lower after earnings. NTPC, JSW Steel &amp; Tata Motors are other top #Nifty losers in opening trade  https://t.co/yKLeYD1ESQ,Among brokerages, CLSA has a 'sell' call on Eicher Motors and UBS is 'neutral' on the stock post its December quarter earnings. #StockMarket   https://t.co/tp4vsO6DvL,morning India @MotilalOswalLtd #Titan recovery in Jewelry; festive demand trends encouraging #Eicher demand recovery for RE, led by Meteor; VECV gaining share #Gail Strong perfo expected in 4QFY21; candidate for re-rating  #AurobindoPharma Nos in line with esti. #nifty50 #Stocks,Top stocks in focus: Auro Pharma, Magma Fincorp, Eicher Motors, ACC, Coal India, ITC, Power Grid  https://t.co/qZSsHsFF9U #StockMarket #StocksToBuy #StockToWatch #stock #AurobindoPharma #magmafincorp #eichermotor #coalindia #ITC #powergrid,#3QWithCNBCTV18 | Eicher doesn‚Äôt expect price hike to fully offset rising commodity pressures in Q4, UBS believes co‚Äôs valuations are rich at current levels #CNBCTV18Market  https://t.co/cVmJRtrx7u,#CNBCTV18Market | CLSA increases FY21-23 EPS forecast for Eicher Motors by 2-3% after the auto major announced Q3 results yesterday #3QWithCNBCTV18  https://t.co/m6dXLVZnDs,#BrokerageRadar | Hindalco, Titan and Eicher Motors reported their Q3 numbers on Wednesday. Here's what top brokerage firms have to say about the stocks  #EarningsWithETNOW  https://t.co/n7QauOCcrl,Eicher Motors' quarterly profit rose for the first time in the ongoing fiscal as sales picked up on festive push after the nation lifted the lockdown curbs. #Q3WithBQ   https://t.co/mASOJcZkBH"
2021-02-12,2781.25,2840.0,2844.949951171875,2765.050048828125,1907486.0,"Eicher Pro 2080XPT DSD with BSVI technology - a fuel-efficient and reliable truck, now with Eicher Live.  Know More at :  https://t.co/kcVB3M1t9e   #EicherTrucksAndBuses #LMDTrucks #EUTECH6 #VoiceOfBadshah  https://t.co/JvLpIj65WN,#MarketThisWeek | ITC, IOC, Eicher, Coal India, NTPC, Britannia top Nifty losers  Magma Fin, Route Mobile, Manali Petro, Motherson top midcap gainers  https://t.co/fZS9hyqre1"
2021-02-13,,,,,,"@caitlin_eicher @caitlin_eicher Your sexual chocolates are on the way, now excuse us while we eat ours.,@caitlin_eicher @caitlin_eicher You're one step closer to sweets worth sowing oats for, just follow the link.  https://t.co/5HolxL8H8Z,Introducing the industry's first 22feet 9T GVW truck- Eicher Pro 2080XP with BSVI technology. Get ready for more profits with longer body.  To know more, visit:  https://t.co/ZdR5Krn8gq  #EicherTrucksAndBuses #LMDTrucks #EUTECH6  https://t.co/9cOua94UdX,J‚Äôai envie d‚Äô√©couter St√©phane eicher üëÄ"
2021-02-14,,,,,,"Have you seen this #TakeAwayShow ? Swiss singer Stephan Eicher performing one of his hit song ""D√©jeuner en Paix"" ...in the kitchen of an hotel.  Watch the full video here :  https://t.co/iJwWLAzIUK"
2021-02-15,2770.050048828125,2796.0,2809.0,2758.0,930514.0,"Spreading awareness about Road Safety is our biggest duty! Eicher hosted a ""Road Safety Quiz"" across 8 schools in Indore to increase awareness on traffic and road safety amongst our school kids.  #RoadSafetyMonth2021  Visit:  https://t.co/eUF3yi9gIS   #EicherTrucksAndBuses  https://t.co/xdU4UiBEB0"
2021-02-16,2726.949951171875,2770.050048828125,2778.14990234375,2692.449951171875,1525475.0,"Let‚Äôs hear our customers talk about the last mile delivery badshah- Eicher Pro 2049 BSVI with EUTECH 6 technology. Truck aisa jo #LifeBadalDe.  Know more at:  https://t.co/5olssPte63  #EicherTrucksAndBuses #LMDTrucks #Pro2049 #LifeBadalDe #EUTECH6  https://t.co/X35MtTWWSm,Eicher, MRF, HCL Tech top MF buys in January  https://t.co/7oe8z6z0ya,#CNBCTV18Market | Eicher Motors extends losses, slips to day's low  https://t.co/bcefPgyVlM,#BeatTheStreet | Is Sumeet Nagar of Malabar Investment still positive on his old favourite Eicher Motors? Find out!   @EicherMotorsLtd #eichermotors  https://t.co/SSHVgGl9yk"
2021-02-17,2695.5,2720.0,2745.0,2685.0,1491311.0,"Irrigation projects demand higher productivity &amp; reliability. With Eicher, you can be assured that our wide range of trucks are equipped to tackle any difficulties or needs of the operations.  Visit:  https://t.co/OD1UmSHZKZ    #HCVTrucks #EicherTrucksAndBuses #TrustTheExperts  https://t.co/NdVOkz3bz7,#CNBCTV18Market | BPCL, Nestle, Eicher, ONGC &amp; Axis Bank are top #Nifty losers  https://t.co/KBBt1VOvwH,@caitlin_eicher @caitlin_eicher Want some free soul food? Click here to for your chance to win:  https://t.co/9vHC98J3o9"
2021-02-18,2650.199951171875,2701.10009765625,2712.85009765625,2625.0,1924724.0,"Let‚Äôs hear our customers talk about Eicher Pro 2049, the last mile delivery badshah with BSVI technology. Truck aisa jo #LifeBadalDe.  Know more at:  https://t.co/5olssPte63  #EicherTrucksAndBuses #LMDTrucks #Pro2049 #EUTECH6  https://t.co/QGaILhgBX9,Nifty Auto under pressure;  index 1% lower; Ashok Leyland, Eicher, M&amp;M among major losers  https://t.co/U89M1ZXMQs #Nifty #niftyauto #auto #StockMarkets #StocksToBuy #StockToWatch #stocks #Ashokley #EICHERMOT,Eicher presented its BSVI range of Buses at The India Auto Show held in Mumbai. The event was graced by The honb'l Minister of Tourism &amp; Environment, Maharashtra, Shri. Aaditya Thackeray &amp; customers from across the country.   Visit:  https://t.co/eUF3yi9gIS   #EicherTrucksAndBuses  https://t.co/llimLST7nn"
2021-02-19,2584.64990234375,2646.0,2647.89990234375,2570.0,1588781.0,"With an additional unlimited kilometer warranty of 4 years on engine &amp; gearbox, Eicher Pro 2114XP promises to be a reliable partner-in-business - Hai Dumdaar, Hai Raftaar.  Visit:  https://t.co/KeBTRy4GA7  #EicherTrucksandBuses #LMDTrucks #EUTECH6 #PowerKaBadshah  https://t.co/zbnAARkFVF,Nifty Auto nosedives 2% as heavyweights Maruti, Eicher, Bajaj Auto, Hero MotoCorp weighs  https://t.co/ifZ5zj5CfC #nifty #niftyauto #StockMarkets #StocksToBuy #StockToWatch #stock #Maruti #eicher #bajajauto"
2021-02-20,,,,,,"‡™¶‡™π‡´á‡™ó‡™æ‡™Æ ‡™®‡™ú‡´Ä‡™ï ‡™Ü‡™á‡™∏‡™∞-‡™è‡™ï‡´ç‡™ü‡™ø‡™µ‡™æ ‡™µ‡™ö‡´ç‡™ö‡´á ‡™Ö‡™ï‡™∏‡´ç‡™Æ‡™æ‡™§, 2 ‡™Ø‡´Å‡™µ‡™æ‡™®‡™®‡™æ ‡™ò‡™ü‡™®‡™æ ‡™∏‡´ç‡™•‡™≥‡´á ‡™ú ‡™®‡™ø‡™™‡™ú‡´ç‡™Ø‡™æ‡™Ç ‡™Æ‡´ã‡™§ #gandhinagar #dahegam #Activa #Eicher #accident #Gujarat    https://t.co/ic9tv92fxr,With Eicher, you get nothing less than 100%. Our Pro 6028TM EPTO solution offers higher productivity &amp; 100% reliability so that you #DoMore and achieve greater profitability.  Visit:  https://t.co/822EYN6dBM  #EicherBSVI #EUTECH6 #HCVTrucks #EicherTrucksAndBuses #TrustTheExperts  https://t.co/RbcJKPArJp"
2021-02-22,2482.35009765625,2586.10009765625,2590.0,2450.0,2189183.0,"Top losers today: Eicher Motors, M&amp;M, Axis Bank, IndusInd Bank, Dr Reddy's fall up to 5%  https://t.co/NHCvpjVyZP,Closing Bell: Indices end lower; Sensex plunges 1145 pts; Nifty below 14,700 levels. Gainers: Adani Ports, JSW Steel, Hindalco (+2%). Losers: Eicher Motor (-5%), M&amp;M, Tech Mahindra (-4%).  https://t.co/eKAfTX9cpa #Nifty #Sensex #StockMarket,We're delighted to provide Pro Eicher Buses under the ASTC Uberization Scheme to strengthen the transportation segment in Assam. The honourable Chief Minister of Assam, Sh. Sarbnanda Sonawal flagged off the initiative at Guwahati.   Visit:  https://t.co/eUF3yi9gIS  https://t.co/rJNOfazdIo,Opening Bell: Markets open mixed; Nifty below 15k mark. Gainers: Hindalco (+1%), Tech Mahindra, ONGC stocks up marginally. Losers: Eicher Motor, HDFC, L&amp;T stocks down marginally.  https://t.co/eKAfTX9cpa #Nifty #Sensex #StockMarket #Stocks,‚ÄúEditions of Dance Music‚Äù  Manfred Eicher started his label in 1969. Gary Richards started Hard Fest in 2007. 100% Cotton, screened in the UK.   https://t.co/MN33iWk7Wt  https://t.co/4VY0iTwzUI"
2021-02-23,2514.699951171875,2476.199951171875,2549.800048828125,2456.85009765625,1821712.0,"@VijayGounder Hi, Vijay! According to our travel guide published by Eicher Goodearth Pvt Ltd,  rock shelters known to be dwelled by the early humans 100,000 years ago.,Yet another member of Lovina Eicher's Amish community has passed. She shares a casserole recipe given to the family who suffered this latest loss.  https://t.co/ybNS4agHVw,@Darth_Eicher @seanelliott Just because that‚Äôs how you ate them as a child does not mean that‚Äôs how I am going to eat them now."
2021-02-24,2535.800048828125,2530.050048828125,2562.85009765625,2500.0,807585.0,"Choose More! More productivity. More profitability. With our Eicher Pro 6028TM EPTO solution, #DoMore and drive towards prosperity.  Visit:  https://t.co/822EYNnOtk  #EicherBSVI #EUTECH6 #HCVTrucks #EicherTrucksAndBuses #TrustTheExperts  https://t.co/ICsBduuC03,TSV Dorfen 2: Jensen und Ertl √ºbernehmen von Grasser und Eicher  https://t.co/a77QxrziJK,#OnCNBCTV18 | @latha_venkatesh &amp; @_soniashenoy analyse demand trends of the commercial vehicles industry. Vinod Aggarwal, MD &amp; CEO-VECV of Eicher Motors says that growth in FY22 should be at similar levels as FY19 &amp; FY18. Also adds tipper demand is back to the peak levels  https://t.co/smsSuL1IgD"
2021-02-25,2551.949951171875,2555.0,2558.949951171875,2517.0,1351820.0,"With best-in-class mileage and the most rugged performance, Eicher Pro 2059XP is truly a Business Ka Badshah.   Know more:  https://t.co/CYShI949dL  #VoiceOfBadshah #LCVTrucks #EicherTrucksAndBuses #LMDTrucks #EUTECH6  https://t.co/cctBtYpOlV"
2021-02-26,2498.60009765625,2529.699951171875,2546.949951171875,2463.64990234375,1695786.0,"Last year, the whole world came to a sudden halt. The economy is now slowly recovering, and we at Eicher are leading the way to ensure that you along with your trucks keep on running to make up for the lost time. Read more here.  https://t.co/qYpKO33JRs,La Pre Manuela Eicher nomm√©e √† la Commission f√©d√©rale pour la qualit√©  https://t.co/bMEIhm3Izm"
2021-02-27,,,,,,"With the ever-evolving e-commerce industry, everything is now online. To help you with your growing consumer needs, Eicher HD trucks ensure that you always deliver on time &amp; #BeUnstoppable.  Watch the video to know more:  https://t.co/TLvjiqWAmQ   #HCVTrucks #EicherTrucksAndBuses,Become the business ka badshah with BSVI Eicher Pro 2110 with best in-class-mileage and extra profits.  Know more:  https://t.co/4VGABoJ2QG  #VoiceOfBadshah #LCVTrucks #EicherTrucksAndBuses #LMDTrucks #EUTECH6  https://t.co/WEatP7sVlj"
2021-02-28,,,,,,"India's most advanced range of BSVI buses now come with new warranty. Choose the most reliable Eicher bus range!  Know more at:  https://t.co/W3YaExlLYW  #EUTECH6 #ExtendedWarranty #EicherBuses #EicherTrucksAndBuses  https://t.co/y4MG1SyYgP,@lindagiguere1  Stephan Eicher - D√©jeuner en paix (clip officiel)  https://t.co/nu9449Yr7s   üòâ"
2021-03-01,2556.14990234375,2523.0,2568.89990234375,2497.14990234375,1283153.0,"Joe Lovano on working with ECM‚Äôs Manfred Eicher: ‚ÄúI have been on the scene long enough to have worked with a bunch of producers; sometimes they inhibit you not to play a certain way, but Manfred is very open. He wants you to play with your natural feeling‚Äù  https://t.co/bnTasa27Rb,#FebAutoSales | #Eicher Motors Motorcycle sales at 69,659 units, up 10% YoY, exports at 4,545 units  https://t.co/cyyWOe6jsf,February #AutoSales | Eicher Motors' @royalenfield total sales in February rise 1% while exports rise 94% year-on-year  https://t.co/J5PoEonJZk,Eicher Motors records 20% yoy growth in VECV sales to 5,335 units in February 2021; Stock ends 2% up  https://t.co/IZND2782no #eichermotor,Volvo Eicher Commercial Vehicles sales rise 19% in February.   Live blog:  https://t.co/JKKnnMnTR0  https://t.co/nFk8IoiyrB,Feb #AutoSales | Eicher Motors‚Äôs total VECV sales up 19% at 5,457 units vs 4,586 units (YoY). VECV exports down 9.6% at 510 units vs 564 units (YoY)  https://t.co/Y9iTJ3fLue,#AutoSales | Eicher Motors CV sales at 5,457 units, up 19% YoY (From Agencies)  #automobile  https://t.co/1zGS5poPGT,#BuyNowSellNow | @KbBothra suggests a buy on Bodal Chemicals and Eicher Motors. Here's the Target &amp; Stop Loss to keep in mind  #AskBNSN  https://t.co/4ptkzykJgn"
2021-03-02,2602.300048828125,2584.0,2611.0,2530.0,1491743.0,"We are delighted to announce the launch of our 11th Eicher Mobile Eye Care Van under Eicher Driver Care Program in Salem. The program focuses to improve accessibility of primary eye care services among commercial vehicle drivers across major transport hubs. #EicherTrucksAndBuses  https://t.co/hgk26nCv9P,Eicher Motors sold 69,659 units of Royal Enfield in Feb 2021, exports jump 94% yoy  https://t.co/TkppNTjpAE #eichermotor,Top stocks in focus: Hero MotoCorp, Eicher Motors, BPCL, Coal India, NMDC, UPL  https://t.co/COzO6rmpVF #StockMarket #StocksToBuy #stocks #Nifty #sensex #heromotocorp #eicher #BPCL #UPL #NMDC,Eicher Motors and UPL are among the top stocks to watch out for today. Here's the full list  https://t.co/eDhbHgExiU,@r_kuse @HofstetGP @NevertillUli @EichstadtTilman @HellwegBernhard @Aaron_FARMER_ @RingenUwe @Landwirt007 @bmu @JochenFlasbarth @SvenjaSchulze68 @BUNDagrar @greenpeace_de Eicher hat's damals sehr ernsthaft probiert."
2021-03-03,2599.050048828125,2605.800048828125,2626.85009765625,2571.10009765625,1289447.0,"Dive into 'The Messenger' by @HeleneGrimaud!  https://t.co/BMzIp5flNK ""My connection to Silvestrov started years ago when Manfred Eicher from ECM gave me a recording as a present of 'Silent Songs - Stille Lieder' and so I fell in love with his music.""  https://t.co/rVQvfCsRdK,Life goes on for the Eicher family after great loss. This week Lovina shares a pot roast recipe.  https://t.co/IFBfH7rs15,Stephan Eicher ! Et Mozart et Bruce Springsteen"
2021-03-04,2593.199951171875,2570.0,2633.0,2545.35009765625,1353079.0,"We are delighted to deliver 20 new BSVI HD Trucks to Sri Raja Rajeswari constructions Pvt. Ltd. With a total fleet of more than 230+ Eicher Tippers &amp; Transit Mixers, we are proud of their #Unstoppable trust in us.   Visit:  https://t.co/3NbAcywOGq  #EicherTrucksAndBuses #HCVTrucks  https://t.co/O3yTyoifr5"
2021-03-05,2587.75,2584.800048828125,2634.199951171875,2560.0,1153319.0,Eicher‚Äôs BSVI Staff Bus Range is built with precision and highly advanced EUTECH6 Technology. Take the benefit of it's comfort-first features and fuel efficient functions.  Know more at:  https://t.co/I277qoTZJx  #EicherBuses #EUTECH6 #EicherBSVI #EicherTrucksAndBuses
2021-03-07,,,,,,"Looking for a tough all-rounder? Drive Eicher Pro 2080XPT, its a power performer, highly reliable, and indeed a profitable truck for your business.  Know more:  https://t.co/xaSDwNYIwz  #VoiceOfBadshah #EicherTrucksAndBuses #LMDTrucks #EUTECH6  https://t.co/UJFZJRd8So,Eicher, single cylinder, 1961. #TractorPride #FarmersProtest  https://t.co/qCTimnPa7Z"
2021-03-08,2583.25,2600.64990234375,2643.5,2575.0,950809.0,"The sun is shining and I WANT TO BUY PLANTS,Um, did they forget just how amazing Oprah is at interviewing?! Girl wrote the book on good interviewing. So many of us grew up watching her show.,Nifty Auto index tracks markets bull; M&amp;M, Eicher Motors lift the performance  https://t.co/20Go2vYc9h #Nifty #niftyauto #StockMarket #StocksToWatch #stocksinnews #stocks #EICHERMOT #Mahindra,Let's respect &amp; recognize women who drive their careers and steer their own success. #InternationalWomensDay    Visit:  https://t.co/eUF3yi9gIS  #EicherTrucksAndBuses  https://t.co/BS4g9RKWSO,@shawnmilrad Deep Ocean = Deep State,.@shawnmilrad I think this means we need to make some changes to our intro to tropical cyclones lecture.  I look forward to seeing what you come up with.  üòÇ,#quoteoftheday   I'm sure my sister can relate."
2021-03-09,2592.699951171875,2600.0,2618.300048828125,2573.0,677915.0,"@jlemonsk @DanRShafer See also: Dane Co.,@MollyBeck @patrickdmarley HBD!,@B_Kling I walked to Jung‚Äôs. I got a lot of seeds...,@LadyHawkeLesia I walked to my local garden place and bought seeds. I was restrained."
2021-03-10,2672.300048828125,2600.0,2687.0,2598.89990234375,1977416.0,"@burtchintus original ECM recording by Eicher,Diana Eicher, Director of the MCAD Printshop and Paper Studio, has written an article for the British magazine, ""Printmaking Today"", titled ""Don't Block This Space!"" about making spaces, more accommodating for those with different needs.  Read more:  https://t.co/6UZkPfEy0f  https://t.co/owe8ra4ka2,Enjoy a safe and happy journey with Eicher BSVI Staff Bus Range. The most trusted vehicles on the road for 100+ customers now.  Visit:  https://t.co/BuKgtUIS19  #EicherBuses #EUTECH6 #EicherBSVI #EicherTrucksAndBuses  https://t.co/vhoU3IRnsC,@rossacrosswi I hate you. I miss you sort of. Thanks.,#MarketAtClose | Eicher Motors amongst top Nifty gainer as Jefferies prefers co amongst 2-wheelers  https://t.co/An3zpspZhf,Closing Bell: Indices end higher; Sensex tops over 250 pts; Nifty above 15,150 levels. Gainers: Eicher Motor, JSW Steel (+3%), Hindalco, Tata Steel (+2%). Losers: SBI Life (-3%), ONGC, IOC (-1%).  https://t.co/8jQ6wGtcpw #Nifty #StockMarket #stocks,Nifty Auto outperforms 1% led by broad-based buying; Eicher, Tata Motors, Bajaj Auto top gainers  https://t.co/PagQHGnndh #nifty #niftyauto #StocksToWatch #StockMarket #stocks #EICHERMOT #Tatamotors #bajajauto,Delivering Financial Services the best way! Super proud to announce VECV's win for India Servicing at the Annual Global Business Services e-Conclave.   Visit:  https://t.co/YoyvoAcnti  #EicherTrucksAndBuses  https://t.co/WplQcOhlim,#CNBCTV18Market | Jefferies prefers TVS Motor &amp; Eicher Motors in 2-wheeler space as premium motorcycles have performed better than entry-level bikes in recent months  https://t.co/3XhSiLHDwV,Wayne State students Emily Eicher and Alyssa Rogers of Detroit Community Fridge have found a unique solution to the growing problem of food insecurity in the metro Detroit area.  https://t.co/XvW9XbdZ01"
2021-03-11,,,,,,"Thanks, @GMA, for highlighting Archie Eicher, Mari Copeny, and Rebekah Bruesehoff‚Äîthe inspiring teen activists featured in the @Gap #NXTGENGAP campaign. We‚Äôre honored to collaborate with these changemakers to help create a world that is safe, just, and inclusive for all.,This #MahaShivratri, may lord Shiva bless your journey with the trident of prosperity! Excel, master, and achieve to #DoMore.  Visit:  https://t.co/n5yH1Qf5NJ  #EicherTrucksAndBuses  https://t.co/o5QGJOCgFH,#Eicher Motors, L&amp;T Info: #StocksToBuy for next 1 month; check support, resistance as Nifty continues to surge  https://t.co/AN0TbYdfYA,@jvanegeren @rossacrosswi I am well aware. Scot has claimed I‚Äôm in my forties for years now. I think he‚Äôs insecure about being old...üòÇüòÇüòÇ"
2021-03-12,2637.5,2699.0,2699.0,2610.10009765625,1109504.0,"I knew the Army was good at logistics but this was really impressive.  Exactly 16 minutes after parking the car Specialist Nguyen from Kentucky had the #COVID19 vaccine in my arm.  Thank you @USArmy and @fema!  #vaccinated  https://t.co/3XNICKnsVL,Watch the video to know how our customer, Hare Krushna Concrete Constructions, Ahmedabad, prospered in his RMC business with Eicher Pro 6028TM.   https://t.co/ODuPiSGNGQ  #DoMore #EicherBSVI #EUTECH6 #HCVTrucks #EicherTrucksAndBuses #TrustTheExperts,@TylerJHendricks @BadgerMBB Hard pass,So what happened in the first 4 landing attempts?  ü§îüòØ #SurelyYouCantBeSerious  https://t.co/dPvEHh6KSE,@mustard_hater YUM,Okay I‚Äôll play too   @Marci4MKE @LadyHawkeLesia @Kristen_E_Audet @StepmomJeans @CecelyCastillo @Teran_plus2 @SheliaStubbs4WI @CottageGroveVB @Arvina4WI @ShivaBidar,No meetings tonight. Cleaning out the fridge for dinner. Cauliflower and leek panzanella. And some chicken.  https://t.co/mDd4VrXiSw"
2021-03-13,,,,,,"The key focus of my essay on ECM and Manfred Eicher is answering this question.  https://t.co/Ot54jgU6HX  https://t.co/G519NAPEhs,A glimpse of customer's experience with Eicher Pro 6028TM. Watch the video to know how our customer, Ligo Green RMC, Ahmedabad, prospered in his business.   #DoMore #EicherBSVI #EUTECH6 #HCVTrucks #EicherTrucksAndBuses #TrustTheExperts   https://t.co/HLko4YoHml,Here's my 4,000-word essay on the history and significance of Manfred Eicher's ECM record label.   https://t.co/Ot54jgU6HX   I make a case here that ECM has cracked the code on how to reach an audience with high quality works &amp; identify 5 key reasons‚Äîwhich others ought to emulate.,Friday feels.  https://t.co/wezAK9AE4D"
2021-03-14,,,,,,"Reporting live from the Eicher's medium-duty trucks segment!  Now save up to Rs. 32,000 with the 16T GVW CNG truck! Yeh Hui Na Baat!  Visit:  https://t.co/ZubHkmojWZ  #MCVTrucks #EicherTrucksAndBuses #LMDTrucks #EUTECH6  https://t.co/OxctKyY7kU,Saturday Sunny  https://t.co/JYLsyUd1oo"
2021-03-15,,,,,,"Y‚Äôall. Megan won and B is up there with her! I‚Äôm crying. #GRAMMYs,Women rapping AND tap dancing means Megan Thee Stallion just won for my mom‚Äôs fave performance of the night. #GRAMMYs"
